month,total_revenue,total_discount,faturamento
1,79829.22,7844.9,71984.32
2,112415.87,5180.75,107235.12
3,152729.76,11104.45,141625.31
4,155466.61,12285.02,143181.59
5,189488.55,18758.829999999998,170729.72
6,197919.54,23562.83,174356.71000000002
7,186398.62,22606.25,163792.37
8,209395.4,23382.05,186013.35
9,62315.67,6630.22,55685.45
