day_of_week,unique_invoice_count,average_ticket
Monday,1179,73.5003024428073
Tuesday,1109,71.58056193601313
Wednesday,1291,72.66550018188431
Thursday,1163,69.9382398286938
Friday,1175,69.74688274153593
Saturday,964,74.2957199017199
Sunday,1061,77.12039631336405
