day_of_week,unique_invoice_count,net_revenue,average_ticket
Segunda,1179,189557.28,160.77801526717556
Terça,1109,174513.41,157.36105500450856
Quarta,1291,199757.46,154.73079783113866
Quinta,1163,163305.79,140.41770421324162
Sexta,1175,168926.95,143.7676170212766
Sábado,964,151191.79,156.83795643153528
Domingo,1061,167351.26,157.72974552309142
