day_of_week,unique_invoice_count,net_revenue,average_ticket
Segunda,1375,220721.37,160.52463272727272
Terça,1306,205068.6,157.02036753445637
Quarta,1492,235307.42,157.71274798927615
Quinta,1378,196792.95,142.8105587808418
Sexta,1409,208954.19,148.29963804116394
Sábado,1165,180362.71,154.81777682403433
Domingo,1241,197810.46,159.39601933924254
